address,label
0x00192fb10df37c9fb26829eb2cc623cd1bf599e8,2miners
0x6d5c355ea0bef659d3598401a327521f51e9d4eb,2miners
0x002e08000acbbae2155fab7ac01929564949070d,2miners
0x4069e799da927c06b430e247b2ee16c03e8b837d,666miningpool
0xc839ee5542b4e8413246b3634c5c739fea949562,alphapool
0xa855c20a1351acd2690c716e2709c7dff3978d12,antpool
0x45a36a8e118c37e4c47ef4ab827a7c9e579e11e2,antpool
0xb3b7874f13387d44a3398d298b075b7a3505d8d4,babelpool
0xff1b891969773159366ab6310ff63a69ac4acffd,baikalmine
0x4ff271d3e8298213be3d88d257f3973a4b6d727b,baypool
0x99c85bb64564d9ef9a99621301f22c9993cb89e3,beepool
0xc365c3315cf926351ccaf13fa7d19c8c4058c8e1,binancepool
0xf3b9d2c81f2b24b0fa0acaaa865b7d9ced5fc2fb,bitclubpool
0xeea5b82b61424df8020f5fedd81767f2d0d25bfb,btccompool
0x52e44f279f4203dcf680395379e5f9990a69f13c,bwpool
0x68795c4aa09d6f4ed3e5deddf8c2ad3049a601da,coinmine
0xf8b483dba2c3b7176a3da549ad41a48bb3121069,coinotron
0xa42af2c70d316684e57aefcc6e393fecb1c7e84e,coinotron
0x6a7a43be33ba930fe58f34e07d0ad6ba7adb9b1f,coinotron
0x11905bd0863ba579023f662d1935e39d0c671933,comining
0xe5a349fc4ff853dfdd0b7eaaa9dcd8918e768f49,coolpool
0x4f9bebe3adc3c7f647c0023c60f91ac9dffa52d5,crazypool
0x249bdb4499bd7c683664c149276c1d86108e2137,cruxpool
0xcf0e04cc0b8fcd66f42679bce42bf2569f438234,digipool
0xfa4d8c705fa8a3e781dec89d3a82cf950d15f925,digipool
0x2a65aca4d5fc5b5c859090a6c34d164135398226,dwarfpool
0x151255dd9e38e44db38ea06ec66d0d113d6cbe37,dwarfpool
0xc4aeb20798368c48b27280847e187bb332b9bc77,easy2mine
0xa027231f42c80ca4125b5cb962a21cd4f812e88f,ethppua
0x8fce1ef27f3add1411c7a99be402de598ad38389,ethashpool
0x52f13e25754d822a3550d0b68fdefe9304d27ae8,ethashpool
0x8d35067233605bef6069191ae0922d134ff80d48,etherdig
0x9d551f41fed6fc27b719777c224dfecce170004d,ethereumpool
0xea674fdde714fd979de3edf0f56aa9716b898ec8,ethermine
0xd4f3d9a16b16cd6ef9d21449715861c346de700a,ethermine
0x37c6d2c3944d765f2bf8ebf2ed7a238671644df1,ethermine
0x9b78664a1712e1498c2d48b042fbbb94314c6e0f,ethermine
0xe6a7a1d47ff21b6321162aea7c6cb457d5476bca,ethpool
0x4bb96091ee9d802ed039c4d1a5f6216f90f81b01,ethpool
0x6537b65a50a862391515455272f9b6c7168afe94,extremehash
0xc730b028da66ebb14f20e67c68dd809fbc49890d,ezilpool
0xcc22cb1b6625b64e81909456111d76be6158dfbc,ezilpool
0x8595dd9e0438640b5e1254f9df579ac12a86865f,ezilpool
0xc3348b43d3881151224b490e4aa39e03d2b1cdea,ezilpool
0xf20b338752976878754518183873602902360704,f2pool
0x829bd824b016326a401d083b33d092293333a830,f2pool
0xd33f2f5b8286ae74eed26f0d32a93bef6e61fd24,firebirdminingpool
0x35f61dfb08ada13eba64bf156b80df3d5b3a738d,firepool
0xb6cf40aee9990c25d7d6193952af222e120b31c2,fkpool
0x7f101fe45e6649a6fb8f3f8b43ed03d353f2b90c,flexpool
0xd34da389374caad1a048fbdc4569aae33fd5a375,genesismining
0x03e75d7dd38cce2e20ffee35ec914c57780a8e29,gpuminepool
0xd0db3c9cf4029bac5a9ed216cd174cba5dbf047c,hashonpool
0x8bc6667ef4f338bb5d4a2ef23d20e314e9c6dbfb,hiveon
0x1ad91ee08f21be3de0ba2ba6918e714da6b45836,hiveon
0x4c549990a7ef3fea8784406c1eecc98bf4211fa5,hiveon
0xe7e6c88ad1bab6508a251b7995f44fb1c5e3dcf7,hiveon
0x3c16183c1c0e28f1a0cb9f8ee4b21d0db208ca46,hiveon
0x6d1d84363e342a099005423a1bc7e25a5b5ffbeb,hiveon
0xc45b8a5cc6b2f0583dae0197b5cc3b99de4eff9f,hiveon
0xac56a9e051ef1821cb4f3a0427fc941286c4e9e8,hiveon
0xa11ae3a981d50bcd4c9ff6732c1f815483475ff8,hiveon
0xc33997fd8b9251b49151911def437bca7a78ba00,hiveon
0x95ca6baf212be85b238413d461d20a2aa8354dd5,hiveon
0x14b30f257c2737370203a15aa343c2b600dfb675,huixingpool
0x9d6d492bd500da5b33cf95a5d610a73360fcaaa0,huobipool
0xbcc817f057950b0df41206c5d7125e6225cae18e,huobipool
0xf64f9720cfcb59ca4f5f45e6fdb3f68b875b7295,icanmining
0x433022c4066558e7a32d850f02d2da5ca782174d,k1pool
0x7777788200b672a42421017f65ede4fc759564c8,krptexmining
0x4e4e23ac3c11789e23169025503ea4373b01417b,kuverapool
0x26b3eea1cd34a4aff7ce828a5f71daac042d38e0,luxortechnologymining
0x7f3b29ae0d5edae9bb148537d4ed2b12beddf8b3,matpool
0x6c3183792fbb4a4dd276451af6baf5c66d5f5e48,maxhash
0xcf6ce585cb4a78a6f96e6c8722927161a696f337,maxhash
0x09ab1303d3ccaf5f018cd511146b07a240c70294,minerallpool
0xbbbbbbbb49459e69878219f906e73aa325ff2f0c,miningdao
0x06b8c5883ec71bc3f4b332081519f23834c8706e,miningexpress
0x3ecef08d0e2dad803847e052249bb4f8bff2d5bb,miningpoolhub
0xafadc4302f07e9460eb4c31ec741c0f3e308ff3a,miningpoolhub
0x2a98776c7e13ed1c240858bd241dcf95fc1928b4,myminers
0x52bc44d5378309ee2abf1539bf71de1b7d7be3b5,nanopool
0x2f979c933aef4fcddd27c0fa5c54d8a780555b0a,nestprotocol
0xd5bbb4264b70ca4f58c45d27b9d7e11190754a54,noobpool
0x776bb566dc299c9e722773d2a04b401e831a6dc8,okexminingpool
0x6b7d50bb8fab584e54251a10e1c6cfa51dd7b618,pandapool
0xcd7b9e2b957c819000b1a8107130f786636c5ccc,pool2mine
0x47c439c8784b44366735fc2cfe08228cb91d5b8e,poolhub
0xa7b0536fb02c593b0dfd82bd65aacbdd19ae4777,poolin
0x2daa35962a6d43eb54c48367b33d0b379c930e5e,poolin
0x2a20380dca5bc24d052acfbf79ba23e988ad0050,poolin
0xcd458d7f11023556cc9058f729831a038cb8df9c,poolin
0xe16263ee79b0ee32c242c99f02559e92abaea9eb,saturnpool
0x8b4de256180cfec54c436a470af50f9ee2813dbb,sbicryptopool
0xf35074bbd0a9aee46f4ea137971feec024ab704e,solopool
0x5a0b54d5dc17e0aadc383d2db43b0a0d3e029c4c,sparkpool
0x1dcb8d1f0fcc8cbc8c2d76528e877f915e299fbe,suprnova
0x63a9975ba31b0b9626b34300f7f627147df1f526,suprnova
0xa3c084ae80a3f03963017669bc696e961d3ae5d5,uleypool
0xd224ca0c819e8e97ba0136b3b95ceff503b79f53,uupool
0x44fd3ab8381cc3d14afa7c4af7fd13cdc65026e1,wpool
0x9435d50503aee35c8757ae4933f7a0ab56597805,waterholepool
0xd1e56c2e765180aa0371928fd4d1e41fbcda34d4,weipool
0x7c6694032b4db11ac485e1cff0f7509d58b41569,whalesburgpool
0xe4bdced60430a90f31dba03524dd5d15a2670649,xnpool
0x6a851246689eb8fc77a9bf68df5860f13f679fa0,zettechnologies
0x04668ec2f57cc15c381b461b9fedab5d451c8f7f,zhizhu
